<?xml version="1.0" encoding="UTF-8"?>
<project-private xmlns="http://www.netbeans.org/ns/project-private/1">
    <editor-bookmarks xmlns="http://www.netbeans.org/ns/editor-bookmarks/2" lastBookmarkId="0"/>
    <open-files xmlns="http://www.netbeans.org/ns/projectui-open-files/2">
        <group>
            <file>file:/G:/Program%20Files/Dropbox/Dropbox/Personal/College/Year2/Semester2/Web%20Programming%202/CA3/CA3/index.php</file>
            <file>file:/G:/Program%20Files/Dropbox/Dropbox/Personal/College/Year2/Semester2/Web%20Programming%202/CA3/CA3/ajaxData.php</file>
        </group>
    </open-files>
</project-private>
